{"Learning_Rate": 0.00021463876394293727, "tr_bce": 6.386550015060341e-05, "tr_mIOU": 0.8932337520416015, "_timestamp": 1710971840.5178297, "vl_bce": 0.00010895366144314952, "vl_mIOU": 0.8178238113036123, "_runtime": 69227.65860676765, "_step": 29, "_wandb": {"runtime": 69227}}