{"Learning_Rate": 0.002, "tr_bce": 0.712881932498286, "tr_mIOU": 0.0002677536560835381, "_timestamp": 1711043118.1293755, "vl_bce": 0.6944703461158843, "vl_mIOU": 0.00023626297238695857, "_runtime": 323.3878834247589, "_step": 0}