{"Learning_Rate": 0.00095, "tr_bce": 0.006210470029337374, "tr_mIOU": 0.6497356458917641, "_timestamp": 1710863962.8095827, "vl_bce": 0.0003062933688682264, "vl_mIOU": 0.7621321055131441, "_runtime": 1221.7961766719818, "_step": 0}