{"Learning_Rate": 1.6422930730837907e-06, "tr_bce": 2.0728780361963784e-05, "tr_mIOU": 0.9738977862181222, "_timestamp": 1710558731.1411042, "vl_bce": 0.00017173638609944777, "vl_mIOU": 0.8651908934116364, "_runtime": 37535.32718324661, "_step": 124}