{"Learning_Rate": 0.00021463876394293727, "tr_bce": 0.00011288614919749788, "tr_mIOU": 0.8331784017494315, "_timestamp": 1711001596.781225, "vl_bce": 0.00012464753474757475, "vl_mIOU": 0.7951299614849545, "_runtime": 14799.244687080383, "_step": 29, "_wandb": {"runtime": 14800}}