{"Learning_Rate": 0.00021463876394293727, "tr_bce": 3.6116666065497385e-05, "tr_mIOU": 0.9438902189524895, "_timestamp": 1710971388.017414, "vl_bce": 0.00023944827691451886, "vl_mIOU": 0.7935865066184775, "_runtime": 68736.8858730793, "_step": 29, "_wandb": {"runtime": 68737}}