{"Learning_Rate": 0.00037735360253530727, "tr_bce": 7.739311500043903e-05, "tr_mIOU": 0.8746967878239507, "_timestamp": 1711037482.981419, "vl_bce": 0.0004024239870775777, "vl_mIOU": 0.5052075826159645, "_runtime": 53578.51739907265, "_step": 18}