{"Learning_Rate": 6.773107127606442e-05, "tr_bce": 4.4635717961972875e-05, "tr_mIOU": 0.9356194168770288, "_timestamp": 1711038098.4899817, "vl_bce": 0.00018977408220139513, "vl_mIOU": 0.7970559067669369, "_runtime": 32411.307854652405, "_step": 65, "_wandb": {"runtime": 32412}}