{"Learning_Rate": 1.1841058440667996e-05, "tr_bce": 0.6930553064775214, "tr_mIOU": 0.04471094888837013, "_timestamp": 1711091308.7024941, "vl_bce": 0.6930652216076851, "vl_mIOU": 0.055541949026796614, "_runtime": 49288.75191307068, "_step": 99}