{"Learning_Rate": 0.00095, "tr_bce": 0.003721440112068199, "tr_mIOU": 0.5423064228026458, "_timestamp": 1710431687.3846056, "vl_bce": 0.00021537224382059538, "vl_mIOU": 0.7192848182859874, "_runtime": 492.30803060531616, "_step": 0}