{"Learning_Rate": 0.00021463876394293727, "tr_bce": 7.393361040889643e-05, "tr_mIOU": 0.8876532305169988, "_timestamp": 1710445822.6087177, "vl_bce": 6.910927375732474e-05, "vl_mIOU": 0.8857051616623288, "_runtime": 14627.53214263916, "_step": 29, "_wandb": {"runtime": 14627}}