{"Learning_Rate": 0.0005, "tr_bce": 0.6930562127814737, "tr_mIOU": 0.923725022306276, "_timestamp": 1711074665.7809043, "vl_bce": 0.6930612941582998, "vl_mIOU": 0.8677226351840156, "_runtime": 30847.00907921791, "_step": 99, "_wandb": {"runtime": 30846}}