{"Learning_Rate": 0.00021463876394293727, "tr_bce": 8.533679438403938e-05, "tr_mIOU": 0.8713436163961887, "_timestamp": 1710426507.9979324, "vl_bce": 8.886369003102161e-05, "vl_mIOU": 0.863752713515645, "_runtime": 8255.139839410782, "_step": 29, "_wandb": {"runtime": 8254}}