{"Learning_Rate": 4.7034379583338705e-07, "tr_bce": 0.6930674221465196, "tr_mIOU": 0.8182962901850857, "_timestamp": 1711176448.72047, "vl_bce": 0.6930718866132555, "vl_mIOU": 0.7681747885509616, "_runtime": 81172.94883203506, "_step": 117}